Txhash,From,Amount
0x377aa2a63bd3d3e9ab9924eece4e16dff117cec1a295732a726ffc2341e57991,0x5f0f73143b2eb8c4c124f0eefbaf2b69f9dd0a18,1494
0x48db820bc676213c8a91b207267448c4947eb926c32611f122ad57aae6fc3c60,0xb3e7fa378afc0d02a0adc548e09cf7dbd684ed4f,500
0x3e355ce2e3532405975701b998ad6141b444656c480291db1378dbe39a286953,0x96228749eaab6ea953787b9b5817762021581495,2133.2635248166
0xadc2e0ed6d6d34ae8aa7c1856226f6d82ff4778cda55d8eafe1bb907ac9b169a,0xcb927731f27898b30ad85964f9c5b784772cb924,10034.0241340346
0x6a590ce4040cad0be1c82fff04900e7314aac2f5d069135bd1782e935330a1c8,0xa85fefdc74bd5a91090406321b02d09d79438bc3,397.26
0x769cf357ed49fddde951ea36bb8f85123c9871bd7332ee31d658ff1ac2095efd,0x68810a7e844978381b28afbe60f611aa5df33c01,2000
0xc30a097eefbe6636219933e1cdbd8c1f11f11264beb232d24a3db5bf7e70ca11,0xe7843c8bb30775d71f8b16dc1e79763c7e5c9eb1,6023.91
0x9452da2dda7ea5ebcfa395b8fd31436452110e1b868a048c7f7efd233012e224,0xbcae9454240181f92d2e5f60103bdf3c2cf0cb42,6000
0x9f3680b2e511d57d819eff9fb781ffaa393e069baadfe60997b36e707eebfd33,0xd53db76369fbb6584e0bec45d4e8d62eb46e5700,12585.873
0x4f43169a5383503c12bde3b55e089b31e3dee0168294f11e31c524f784837db1,0x046332f2bd20a7a6ab535af3a66df02439979d5b,2840.8098311555
0x14bdfdd0239e00663435c39f517475eee910c126aabb718ce40622ac70fa19e9,0x44d3f427d6d7c0547c82c18eab1a9199d1508cc4,59.2387709625
0x251fe2219def378a9876e25a32ddac4c978bd2f3e1d1e04a9ab26884b57324d7,0x04d664e0c722f09ee4acb5ce82b8ba6483a33da3,10799.19
0x6faaa2e61c7227860e6443145b8144eaffdd4cf26a38a01b81095a7a53be219e,0x5b0e7e94fbf9f04fc7ffb1c6db48f58f1df3c400,4562.4902303115
0x57e55e823b5f10931a6ba676c5cf44b8097a6248046ac146e5bcfdb7d39ff3a7,0xfa60c33563eeac650b16659f85d033818e96af4f,1001.3161621692
0xbb0dda295c5c3076e9b479d71189098d5fdbb9db18c3d6fbc808e625875c226b,0x769c6d51f9690c33e6a58fa9100b75bf467017da,100
0x084c45e72f75ccee0630c0122f859189d46c0ba86c3fc00528ce8170b15ace99,0x2968d06e2491881c04ba240cc530cebec75252e8,1475.7985698506
0x9af6e2e0c0ac05298d19317eebe33fd1d6a7d699397b8ee1a5e9e247e7f356f1,0x718c6a922eaa6c23634a28db026e95821bfa35c9,385
0x0f5ea1a8839ec24f515efc586bcb2be16ddccbe978350432bb1c9f6b7d8d64cc,0xa2908e1339ecc6723d8e94d9142e6e14d55327b5,1364.409
0xe3e6a931f6e6944e0aff4f1cd71de1440518b42be48b67b48f37bf278701b29c,0x29423060a037b1dcbbae1713789a6fb9d78e6080,298.0765641346
0xcaadf2181ac70d8249a1271b1b67419e92ffceee5a358ed89c095762d37611f7,0x0133f65ecb4e7560805457809e36229513151650,2000
0xa074dafee9410a908e7898be10aab9c65a099b722caa34dec62f34ad53ad2ba1,0xc92f8bacf3834ebb823ce2bb8a45eea5de94951a,1072.4077883844
0x0176818718ab98cd866e1794ad94b3861d9ac21df7ec204169a8b474c2801a6b,0xc43b60da1d1c8e87ed9445621419d292b0b3435a,2841
0x8ae171ff7ab9cc55e8671579a30ebaf6e0359255cc3fb9888678ee7da72df41e,0xb94607780d7df0b75a9cc56bbd4933d59b0dddb9,259
0xd34e0109be7f08feb4accf35dc59fcec4da9f032858c5cca465bce46e55fd937,0xd55a810191a955c5a5d65c3437762e8e60fd2f8f,353.37589308
0xeb898486b37573b27127184c17fc9fd7149d0f526f988b21627198e5b9126790,0x21f9927d306497a56e3469b16784f087bd1ae0ba,333
0x96d136e0fd8adb303ed05de7125da9de723f9d6fc1d535a3cc9e4543eb850076,0x72dd3d8fae1ce0d369d4a368b054682e923e679c,140.4088304738
0xcb9dac0bdc4b89a1ab5aaa9a61b470cb5ad0b50793d2ad3627b9ce21a8ba7010,0x41d07ab4b07bfbc8bbde1322d59d102d2c1dc6a7,213.42373436
0xbfa67f2306454c22b0bfddc7761b36125375ad02e9433527907b9515f10d7921,0x04d664e0c722f09ee4acb5ce82b8ba6483a33da3,262.63
0x492790af60979f2e5796b433a37bd6cc1053f966c5ec6c74cc227b255bd02edc,0x5ea88d15d7b637cb22fbaa03f413effc98947139,2191.5069093809
0x8507eb98a2dba61ec9ef8264cc7b024a0876849acea7bcaec7f5997649c656da,0xd1692f326287f627100a0e1445641310ac21679d,50
0xd0b89c346792068a2cdb93980c244d3168457676fbfffaf7f2b7afdca7aef85b,0xeae1d831547e91386c67caf10075e35abb000b9e,450.9662450442
0xc626e997aa665d0bf6f65a87301038ec26504aff81ef2367f2b0ae0cb7418605,0x0aa5be3f5226836e75a8c31b003d9fc16d25afa4,467.8128
0xc94883de229ef251d20eedd900a306dd58a4b97029df51dccea927e5f911742a,0xe00bd5dfaa6601ddd99215caa644ce21857cab45,252.95
0xd836276ae9cc87a6a6d7438d171b39bc3ac0800984248ab243deb7a2ab951c1b,0xb2ca1186fc2c644388558f276046c701c4dab538,20303.5703101994
0x5df178b33d2a0e1b57554e92b8b7f8cddbdddabf38b87b49e50715bad89db885,0x392d6e2ca78a1f14b7935928577b3feb18b8f8ed,600
0x1cf40bd05ea87f5c7a5359790904618a6b9bbaace08efafbffc1c961938469f4,0xb8f54cfb5bae79176ef550677a8be7db7c0aa8ff,3334
0x0b6cb798b6388a42da6bfe2f74069c89c69ac44a21eacf7bf052cea1e11afe25,0x526f094e072793b8ee58d2dfbf10d8cb8b5b6b56,460
0x9960853d6c3d52b64c53d4a857f364807620c29efe69b101ee26a8474c784907,0x088444cf5ad3dce4e983f85a111876ca2e3d3097,789
0x1f0132c8da90c7f8193a5f4b6a2e9d2508c8396f4344508a939fce3a393a62cc,0x28392258c74e4fc41f88f6baeef3a21975f04f4e,512.7479635337
0x5c4e41e750fb4d1ce5cbe6a3a65561a1ec62bd57742a38ed80e531ffebb7cf30,0x49566edb6bcca216f5e539cfb032a3205a91f8ba,500
0x81df4560b407c057da60db46e348da46e6bc4c48b31c5980362674546ff0bb7f,0x2968d06e2491881c04ba240cc530cebec75252e8,1
0xc09953eef0cf07f950911f3a75bfee50b3e1b914d7ba33e5350f9cd94e207640,0xac907b3cb603e54b2f1270d772bf324e943d5826,19050
0x64e24b7e052658770814a16fcbe531e27702e814e229d845389b37cb6b7dc6ec,0x7f5fe0cf45ad50b4e80fe66a87f692b7c006bc3e,245
0x10447b4956f7125e44f30a4314d0c8e2fa2d3a699e84942511ed1e8aa915ae19,0x354f034cb0f71c73b9f21a62188a64d85da45a48,1996
0xdd49474efc4c0e1cb1caeeec545c5fb3e4eddc7c1a5cddd215be0ed0d16b1cc7,0x3f4d472d814ab920d320d457269dc85a358b2baf,59.8694814177
0xf0a1020e7f67d798bc861cac3eb2b3bd58130e28b24a61295c2026f6fda593b4,0xfc675ef73ae287084ec238a19c123d71fd00891f,1031.5872
0x59a30b9b18edcbb0fd66b684727459cc17d9bc96878eac842563b4a2c653161d,0x431dec52a66166a70916894aeb8066c09bc70aa1,500
0x50a17358f3f9631fec642279926f0407c695d3926e7ba77647ad80753ec95b29,0x88dabf5f1754ab56f0178acc61e83517937bde89,54
0x3ffa349d1d9f9723ee0980f325786834393fcbbb33b6fc9ee3f5e967449b9bd8,0x0dc59ef3a29d4c7ac87ba04071eee3fb5dedf356,2000
0xd1375185e4c6455eb3dba2085a8be03c200aa2bb40742e5684ac84d8741e937c,0xf2172dac9059401c9e254690a478cc689681cd23,1500
0x5fcf6404288e5bbd1b02880b164209fd03f81406741328ed056b69a17b1bc8a8,0x8b01465de9ffc15aaf0bf1653b5c5f78b05ee56c,1000
0x09e8bbe9de0957abbb60716a425665562670eb0fd0b2d4b3e430a25796f4646f,0x49566edb6bcca216f5e539cfb032a3205a91f8ba,258.2
0x0b1b401eb01d0e6a03cbb3906c36712e65e4dabfb170173d0ea5adfb40744c69,0x0c1289ad5c4b7e81d6310d47696db55fa8e02b91,283.714
0x556604cc7a54b3db8a3f8edc12bd29bdd7689a3a1f4adaa84694312a950c8cbe,0x0e712ea33f5f21820d0fded3263220923fd3c273,750
0x6a6e54d02ec9cdeb83bdf11684cafb08cae8a2d1b5d4ad3dcc815d856a7f6c4a,0xf04d55d6cafbcadb6115f0db67c5c284ce6d84c6,507.0090239254
0xbc2c304799df1841bd524b8ea256d5717f5bd7fc178ef42d33878a7aef04c5f8,0x66d4908e053f7150038b1bf3579cf384fde0ba72,4998
0x2e82e972720abf0296ba130f8aba33985174cdb4b17f7510966f1e61c6b6bde1,0x5502d2fb37776055f1197618cf9dcf414c59ab27,310
0xf37058ea0bcc5ed305e139b5a61e455fd86db09e528a328f434aac521c909881,0xf5d0318692f822680b733955828a25507f031c95,15000
0x88028dbaf4028a58e52efbd0aa258e6a11f49e6699fd51d1436a93e37a1c4310,0x04d664e0c722f09ee4acb5ce82b8ba6483a33da3,2.77
0x46ac372992337e7295f08ede8c5820d7cc131aac2d42a7cf1d6f62ba81f17440,0x72e0876eb52087e571aa64f9b5b8b29bce04599d,205.6031355867
0xba11f935094447517c3350d83c3668b238d5e68e50161419636dbe06ad4da50a,0xf5d0318692f822680b733955828a25507f031c95,4000
0x5f4f9c5f9d0c6b12474be128b634c8d438111bc954b7b2a7a95640d1808b10bc,0xfa66ca06bdf988791adfbadd72e286a9552bcb74,54.1020023776
0xddeb287db1767e75c4ecb414b7926e3b30128120bbb8dbbfe1fc3fb20390b002,0x1ba96ce4c465d8cd7dcc4e4cad1592d0470cdb6b,1759.6327126273
0x1c059837c3b4fe32c833ad378a98dde733e324b56ce873ceba0abf81e123c065,0x3ca9f6dd0ce635b91d027b229cf660c788bd0912,1603
0x8116cd355fec512af4fdff371d51eb53a3649d1de970de25bc136311c542bb04,0x7f88b00db27a500fbfa7ebc9c3caa2dea6f59d5b,4953
0x0a9ddb43746220eeb7d017b7c18c240f547875a2eb222b74c863456b3f02a94c,0xa51c5aebb2b706d4c8ad538db30966a3fcb56965,2986.7753944845
0x35a14a851baad3ca91253fc1003446276c7ec6eae7137fcb5da987100c92c25b,0xee15ff07cec2970d36739862b8524a6d2a57f355,2000
0xf1fcf077bd4e4020a8c424cc46e87fbea382f450c0281c0602395296a14c0392,0xab5c97a94002d4c446a3ba6f7912044914fb9d1c,1984.6639894933
0x80d6ebd1f05a8a2358ec2ed91453b205cbaaf3d6803c9958a0f23df4983f9766,0x718c6a922eaa6c23634a28db026e95821bfa35c9,101
0xadc6627320486544fa4d6094488204f33f16f8e27776c5de8fd0e22405e6f41a,0x4c9c3626cf1828da7b58a50dc2f6aa2c4546609e,3000
0x2abd30dfd141aec9d171cdaa7b7caf815364e934ec0a66693d82042ada70656a,0x050468ecc9b590f5fd20105665e77429064b1e33,5000
0xdb7024fc7b40dbd73314563551f6b6545884d4fedf50b57bfb63818f9ab9a95b,0x5b121dcc1d970742a7ed75dfb744b1ec657b3f2d,9630
0x8b7fe3b5983074781c97d791f270ea5573bef5100c8022d45e67c65595311bfe,0xd71e4afedaa844e493fd612f7e9c32cc534fae61,2369.9839912746
0xd8f03536026a4fee5e0f0edd5cde9a534657e97f08b6eb1cfc8d4ca74db6765c,0x186a52b42cb9333e7ca9bf9998461f35c88bf758,2203.0031194014
0xc874fa4c3e44d01a42f5f02187221b7c7cd072e79428db0fa782b870b6bb6686,0x6fb21fe2ee17559693bb61df8144d074d13a9cf5,3004.3737540576
0x8a0596b219ec65dfff91d0c7466a55bf2830bf703ab847c89679464ce5c2dd4b,0x957040254644f992597d419f435e2ed6ce481b63,7000
0xae68d7067948befe2461783125ac9f2969c8bac8cf679fdd45b1fc492377f3d3,0xce90a7ac3c1cacf211f518d061e040e78bfc60b9,1031.5
0x09e33e45733448edc30988fc56e63074a822a6ebe9b7c87a64178e14d9745711,0x04d664e0c722f09ee4acb5ce82b8ba6483a33da3,0.13
0x8fb6d87f1724b6cdeb02ffda59aebf2fbe1598b8e892cf2c6bfaa50b17d5ddb2,0x431dec52a66166a70916894aeb8066c09bc70aa1,500
0x3134230d56453dc1d83a8e20c340d5ac3332380884035eb74ec1ea37930b5023,0x38a82f099d5be31068ec54a6ef603087945ef6e2,1225
0x15050dd352751788048d602fb6852b15f62076621bd88930133666a3d539a51a,0x648e9bd7cf73efde7c7db6fded093a93cd36b207,74.8270122718
0xda2ccfacc31aa5ea44c0b99272ee32440b209ec12617aa0fe9e0c9f3f41eb97e,0x53c42e3e9ba62b260cd0fb51c68b473a5d547d8c,930.6276
0x551d4a4a70f1026a94c050a153afdf751f9f93ffc0cfdf964d514a3fe1fad8d5,0x82e129173f19ae25f8d4aa2e6e710e60ba55ed96,5750
0xf817a6b5e1d1c434bed3a4f910a4339e557e732f9832c45fb6d5792a64951467,0x49566edb6bcca216f5e539cfb032a3205a91f8ba,0.015
0xa061696cfb521811a02d7a63fdfb601d95c71e6cd0e4ecc3292dab3245182b76,0xd0917ac1daacc35cc5aa3b5b987171723aa7230b,10506.7904189952
0xc91fd622aa0ad87a07b912cd11326c4105abcf31ce8cc57f5f5416aadba7caaa,0xbfe1c2d3bd47083db13cfe8f054fb8de76312d1e,0.014
0x0851a601028ce9d4c8e9b5976a48b029b5b922cac0be487d97ec921bfa374347,0xdf7c3a494bc9e07e105be67df8c1f569d29a8bdd,25.9276015628
0xd680468c4da6233e2442c310032366ed69f0b13e7740eca32243243d0456f2b7,0x4707c230f2e412cdc20efd0c5965b1e39de4c874,2884.908621
0xb0c2daa742299bf957bef051500b5f88cde6785af1fd6327deb38aa56de41c0a,0x68810a7e844978381b28afbe60f611aa5df33c01,0.0001
0xfee370698f3a1871829db6d04844cfda62fd82f0ee13436cecea75663b59ff06,0x3eb62166bd3c79a4f847782726481a73a6d3a4e9,201.39
0x22cf3eca9d4b219aebb19709404a0f931f4d567e1018d8f18c67a37f99b5ed98,0xac0d880cfc60204f21b9189147d6929ee268d92d,472.8751599732
0xcedd9881e15650b7d70c4d41a4689b080fc4e41c4c3ac3c8b8f961567afab6c6,0x3cabdb6b5eff6757e704489e442886c458b436ce,930.1953623695
0xea85613e089ed1087644ccd5aa84530c08dc204dfaedabf286965ca5c03b6e49,0x8d60700e61aa28d9595dcb9bc8c55ea14295b53e,1417.4328
0x2f066ea220a758882e9c6f381fba912f2b078421579470770dc291e14ef2261b,0x68810a7e844978381b28afbe60f611aa5df33c01,1.00E-012
0x6452a8c80dd593e2b19612f6a9d2e17997150f3441a42c1c3d093552931adb95,0x33d3e21b0bed187b8371ac40696f7349fe730398,2881
0x4f6263e5f79299044a3811092a023aa73dd5e1a98cf65f8cda8c1efc5a7c70ab,0x6958136b0ed4f162a4ecfab966b12b5e1ea657c4,1246.2710802237
0x9a7bafcb539ab125770eb647b243fdbf3b87c07e055e75375a9ffbb4fb10d44c,0x9d1b27796adb236512d4bc0f26de4c12dfde37d0,252.12
0x592757fd0cc364870087f6715669f4f03d10773a56348903e7e10f6b80b660c0,0x112926d0f1f82352669933915d0523cb0f25e1f3,2098.5076313869
0x90f0d02795120603b548698f11824ec253c0138ccf3d656098f5c9ae89802971,0x758e37aa67ecfc69787d84d52089bf12a2bdf624,5000
0x06291f3fb8edad5908b80e0401fcb834f6cfb28a80310ad82ea9a933e4c79677,0x47e06bd13e8c91ee8d3bbf19059a33e3244ddbdc,1192.968961417
0x17d6cce33cf528306b2406df65f7192c9e5bf43c55c180f89c933aba8c8142ec,0xf07a3a88e07a2b1df9d4e088a7f34ceb6cdf445a,630.0000001392
0x94f2a3f3f286427971ef38cf91e21e9e21a62b5c4468437235e8edd79b145dd2,0x1f2bdea049db6320c2176849407bfd14ab6f6dd5,208.5769528032
0x36ded094cd86320fbca2a2f5bf78a82876367aa5f1b90ea81099969e2ccd69ef,0xfc675ef73ae287084ec238a19c123d71fd00891f,1510
0x11c5ea977f6fc0aad6e64287b755e5f64d3db6df6bfcd70a2a6ce10671905a23,0x8cc1547f2aebbbaa9466310355110427449a937f,1480
0xdbf35be4e479ad518f83af75a53b47e806947677935479593cf97b091697d6a9,0x2a404dc51e0f15a51c7e6785027b2228577b49ee,2031.79
0xaf16a167bee9caea4c2c64060bcc8414cd779097adfc81d84b52307cf92ccb46,0x4a0b9c216e88efd5dc4b9924c410838ddae375ac,104.0743675626
0x24244e9bf89438efd807d989657b48707daef644881f636d8ca03c56d13aacb3,0x25cccf315fae1c0277a8d05ed16be5648d7d9d36,3000
0xdd421bffaeb5286ed1649724e9d42147287dcc58d71b5febab8e0e007ad804d2,0x9e5a295751e58dc9cedb98d6ff41b6eae673f9a3,1853.9666666667
0xb03898bcda67e2da871f53e5a23577db28e58c2e842330dd1ef98e293ade2548,0xdbea6ff6d56d689fd5dfef12108086a5fe03a961,1986.17
0x23c42e83e02208d5cf5a4eb786fedc25d141a1aba5994fb677993370e795f92c,0x33c6b1d14d4d98352d5b27e653a2a4d77efdaf67,208.42
0x562a75f99353d797052a04f0a4c0cfd7fa779c136b5f5a3d8e16da3322ec6e57,0x7c99ad27f9ac5f3d660623a169e072052334bbfc,1800.8423160579
0xcff30ecf8beb7b8c61f9c42da5f150cbf1e697fe126308564e67f9b8d5eb7a95,0x925bf698bed45cf508465a75ffacc23ac2cac429,311.9895040931
0x86829824788200b1f86f5ec96b080d4a683433b1d1cdac5610ba4813894a6f12,0xb00e87ae067a623ac0ecb83cbfcfba75eb8a717e,500
0x49f2db1f29174de04af8a542400748f80c5edf7b5c06961c167a4106ed648dc5,0x3c50368d48d418f269c271aa4a1815017439d3ea,13111.2590494163
0x342f78661f443929cc8663b88871b57e704948b6f6b1957610fd81f66d334096,0xa6a4a8184a7abd020bca733591cdcbbda8be27ed,705.750301796
0x49b9a235628e833f7ebe4e3fab5f9a55b8086e6351fddc30a2f28e08808a5701,0xd6bf9d9079139dbb3a4fdb84b07efc75ea77838f,4000.0007171212
0x09e2d502d7f95f39d0724b435ebfc9cbfa8a41f1e17b8c1cd226e960be876511,0x18a428ce0c31584a21cf8cefdb8849d8013e1994,895
0xb564c828c36269440246c64868e169e8678b4691bd0994dc4449dafd4f2d8f38,0xe98b6c22e1ee531e2c654286b506b0484a3f7e97,0.3
0x47f96db6597fc5622d3a99e0786ec4ac5e9cac0bafc59b2c8de4958fa9368075,0xc84c19bbf07d0cb7cc430fc3c51173c4acd5dd9d,10256
0x4ac2653e0359e44e3edf1707d838e2ff9d6f111aafe06e9404a0ec6559bcf209,0xaebfefcc209a5250578b5c1c97c3f40e2cf96985,100.12
0xa2aa012732f7e184da16fd9c1a8e6b2869e5503e6b61a48751a36e52abdec39f,0x70a9c497536e98f2dbb7c66911700fe2b2550900,555.4615560605
0x1ae15fdb85928012258684743ce08a865d493c41701804bb25e6614185f88acd,0xcb927731f27898b30ad85964f9c5b784772cb924,6826
0xea62e2f5d6ddbd18d84e176d45b31a9400e53291e8b0cb61ed88479567a21ad5,0x62c0e99b6e55680fd234818e4c1f17bba11f85c5,4994
0xce2e5f40fea5c62c94b92adf2f1f111c9e43f4a8339363fca5f7aae9a1a99e17,0x87a6be3552386cc5266a5596c88022d7d8f4aa97,888
0xe0098c91ef0b9e71ec5543727b9e40cc0ab635c489380f91bea3857c187a2dd2,0x6d3cb36a0f68bd936bfcc5e48fead6357f7f81ed,33184.7008
0xfb18f3dc42812edd44a15c4161c07ec33d712b6c33069c6f2498ca217d6777ac,0x2aa8961b2b0991b9830c5cc5f9a5b26a350cefae,25588.44
0xd77a5486db78a4e3317e719029fb5919d7b9d69e07ea4ee1c3fcc38bc3669f11,0x27a5c6a93f9f557abc64e12861c2e597474aa8f6,1047.1056698892
0x9ad68692173ea23e4cfe010169f9057133bed0925cd9cf5562ec81a3f5d8da21,0x5bd5ffda68214796c9d5e3cf792218bad8a16733,1179
0x5c95861f22d1509917cf05b405ba95ff8884c45e540fad3bbe32c158f1ca80c0,0xbfe1c2d3bd47083db13cfe8f054fb8de76312d1e,10000
0x317da1ae6f3297e3ecc87237cdfa9fbd82dea75df292df2f9d83f9bda78feb8c,0x8ea09f70b00c9ad4c33155b13721863d2b09b609,10000
0x2027c4b3e961593928e0a9e83d9b2b7dd0953a00e795ecc09b645794bfafbcb8,0x2e6d9adba8164dd78190ed387ee17dea4322e447,363.5905412472
0x96844c48e011d0dae82f82a1cfb2c6ca8824b09626b9d0d1edf49732e2e9b559,0x96c825a14934a121e60fc3b2d5926b0f1f47802c,2435.3156640706
0xb9ae1dc8f04b9c0d2e38fe96cae1164166fbcf089b18fd317904e47aff4f1cd1,0x58ba15026605bd25d79d1eb2822ded321d7796e1,1000
0xbf009b5863e4a6345709dc5534ece94cf0b3b7f651f4b2739160749916a1cb1f,0xb34f214b3a6b1507e6c9dee47417da6dd599a091,6417
0xbd5087b082196470a30e66075a11ddc6a1dd86b43d52475d3be6db980d88a96b,0x6873bb7e0af2cd23639f358e410fe686dd64fa55,3998.48
0x1567d80726254c4a026005c17af3ff2febdf261484f14be2b7a3dc891384dde9,0x769c6d51f9690c33e6a58fa9100b75bf467017da,53
0x6fdb6207404cdb7762ed4f99dfcb3c142dd30669cf25a0c1aa5b752aa4d39858,0x94ceb946e97b928b71b3dd29046585efd4cdf7f7,500
0xed98959f723e7e3d78de7d0b8b40601364fffbdcec82482134a05185b4d5029f,0xfcd1d2894ca5a6afa07c9579f5fd7ac4ba7a5481,12675.7996315173
0xe16a58fa0b6a233adca2477f14a41dce1112cc41186019357459a4f29ba67b78,0x76074895cc1271a952a28d3773e0874546dd1f84,10000
0x19ed6e04720adf928a2fd42ea03d0df393d0b163e0bd8f2a00ae69a37aacd5f5,0x7e3fa216e5aeb29f4238b263606ab06124c73e92,4277
0x3250c5d77145aa1e42fe27e7f3ea03d6384efecd7a24e7941a149158d4e21026,0xaa6a238b8765bff216b68420462fe6e285954b2d,319.18
0x022bacf2b4a4dd8123ba68ac5b975cc8bf277e74eec01728f0bb359837f0e2d0,0x7a995f25a27f6fadb4836414b884dc5a91d0d0f0,700
0x06f453821519731381df81867030ba05f14ce6e47f7c584c8e3d690801ec5654,0x992bc9e1c5fb19eeb7aba803b840ddb7dc9366b1,30000
0x9c5377e561ff1c7241e4173e473bc420c64abeaf897c7b4af946af48ae063664,0x3f4d472d814ab920d320d457269dc85a358b2baf,6.9632569069
0x9405abaa22611b5c828be94e97f1c35c987babe373c5e7501d887e628e264779,0x0e5a0edb4fa2386b11c6d3f2529eebe6f97a3fae,1307.9051768626
0xb803ccb609c7b36f293baf6415cf77c76e42974b3c3a9445d00b743d42e8cc69,0x2cb2c5e2609976e74111083b0d8805f0bf31a15a,15013.1344285546
0x4325735a602086d03429fa738845a68086b50434a9715b323c7e661ec757f7df,0x419869001780c72b57eab83b8c944551d9c53740,758.37
0xcd1dd50c3e96a7414bcc9a7482586f4be65c456c565274cea3cf26b98152cf7d,0x419869001780c72b57eab83b8c944551d9c53740,0.007478918
0xb5582235d53752a9033d933afc37438cf596674532a48952fa01dd546562a796,0x431dec52a66166a70916894aeb8066c09bc70aa1,500
0x63c5a7fb686f8fc4af63275605eaca24dd56c6008c8f8dba1e596bb304a3da04,0xf5e1b53d5012640b0676cb56d364576bd847237a,1672
0x1e894e7562198034679583ece8b20f6f55288bf11da5e9cb2584980535bebf32,0x243a4f33b4a9b3a45aded0c291cd64716ca80a8e,10403.035597656
0x7ab55103859a6acfa034888b036b42d52a39adb3c50cbc49f2307c6867890318,0xff68fc091392dc0638d8d08896167f51b298c136,247.2340792557
0xead9bd207e86c64645aa2d00dd70c24f262bee2b503be21178eb0d03844c7d8c,0xd10e2c5cb1a00a843e16b828d3f292b520fbfbec,600
0x2d8c46b7781ca3eea8f4ba3cc178d455f5c3d49dadef3f5c7f5ab00d9e59796b,0x431dec52a66166a70916894aeb8066c09bc70aa1,300
0x0c4710bec79a94d289b708466101601692a7360a42044f610ee9f1d164d33954,0xb877df08df30c41e41ecd6b21368678aa78b80ba,50
0x7f4f7724c03bdbe9e3ecfb0347827a07740aab7576f1d7e5f05cb246d878ce02,0x8114e78965b7f7e52e35b2cfbe33973a4ef320cb,3887.9957155952
0x58d07abc7783728a14b2ff160d8cec73116ab99cd352ed7e9552d9174b16e485,0xeae1d831547e91386c67caf10075e35abb000b9e,275.67
0xa636a20e158f3c0a7d44e32e612a1671bf4d58101e6234b5d209daa7123ed48e,0xe1e74a529731e7a30d3d59b4ef4fa2d39150e384,211.63
0xdcf9b3c183bcffa291f084e7d9769dc0aadb7ed56ef2198f873995257394d9e7,0x150b43888b42d00e72f6fc1278286ca6293c0325,166
0x6f7f613a9ae5e6eb33976d537c7125ff11f53b58be18e6fdb59527fe0074108c,0x84b674ffdd0f721b6bad22ae5b5e21afe7a6586f,1282.2692
0xe79961a256855df735253a95acda6f2407718662831f01989de490281a292257,0xc92f8bacf3834ebb823ce2bb8a45eea5de94951a,756
0x23d1d368f34188616f0f7d42d2024229accaaa90933899d82673615c29cbe3fc,0x8d79570fcd132e8d5712e38789d788b944255a2a,15000
0x9a21c953a87cd60f3d0d671e370d2ae705d0bf0efc14a27f6f70c733948323e4,0xfcd1d2894ca5a6afa07c9579f5fd7ac4ba7a5481,3868.8446179573
0x0d38e3b1dd85887391b8a4a4e4514199bb674a095d6d4ba8a7be75c93b9ac8ee,0xff68fc091392dc0638d8d08896167f51b298c136,695.4185
0x4351e8d016c01de96bc0611480ee982695e451423c8c12121bc24d447da7c3d9,0xd828ec3e221a598f9b7aabdd0973f4e052469c2f,2100
0x8777b2d26929cb0f35430da1d178c061c9d16b72031c07ceefd64b198602d287,0xcb927731f27898b30ad85964f9c5b784772cb924,3140
0x82669b1b702a3e61af7ac352549f2c25e95f5057ecd1dbdab6a4aef3cc91c4cf,0x3ae3081d12b398a82a4aba5c642dd757ee660773,482
0x162810929ece28f24ceff24c74da2cc5784a3f6901d8a8e3cd60e645c2fbed01,0x65877be34c0c3c3a317d97028fd91bd261410026,3003.7527980015
0x1428a2552df3a66bdac90736b71ad1d31800fc0a3716e8e2dd8aea54472bbfee,0x493a316f45cd24e51ae772c208e652204a61740b,872.4009120662
0xf06c7a304ce0cd278c64477b995469785f72baa838da66b5211d6b763d2f1e8b,0xd0c48370efccc2e4139e67b4006e0acdf0cb579c,3500
0x1adcfc2e7176f8cd8999aace7cafe5997c36facfb21909bdd59f8e21acac2c94,0xe25929420392187d3eeaa8aa3d9a75dc2771c4a8,4800
0x956d25e73e594e8dabd667ae0efae036f3c253b7f178f0ca999b3b646a9a1e9d,0xd47a6600889f6df6b1bc59cf4eb88aeec1dc259d,5005
0x3d0458f420c651defaa34c6d95a781d8bbf46b713491e878b783d91bea50127a,0x2f478ffd6610eebd07528f9e31521c28a042812b,500
0x97f52017d1e0f7485c83bf62b4bb260c3850f9b13c113905ff14253ec270662a,0x1e3b642831e90f3d5cbb7e3432787c8faae8c671,7608
0xcf49568ace4ec0f837c4e986f64016ab12475fd489128c580b3de547c55b407b,0xe23696614fab51731d1731f5a8e105b22f8d26a6,20
0x12f2ef638d7b6ae0188b34a604b9fab417ec3842ae577ae6f0617537bd804185,0x6751d597f1ee916a6b6d7b7a8eb3c413fa85b8bc,209.447012894
0xf2eaa7dde9f48bf39fd3cb6f870dacf27100a6c6e3f4c8e4e012ba9849666869,0xce07cceba3a376f64da6d22bde463f56f0170864,2000
0x29fc83664bb3a1b640a03c7daf049a5acc044beae9bcde31d5254c95b504347b,0x33dbd7802ce978432223fdf658fad2c6c1f58ab5,3019.6367004795
0x7025147709e71bc5c319d584a833deab0768db6a3e99d36356513adfcb66d16c,0x91dd72d8e2f819eecc3d4f6538e3aad11d7d01cd,997.754
0xf205e6a95e124230682580a754a9b91219631a10075298b493aa60c1cddf2ce1,0x1cacb80bb02905f1c22fdf3fc8a4d50cc86d06d6,59.38
0xa68be99504bf212037aae77a099b904e44adb42053f4329da4c126ee01ac581c,0xe499e09e26a3b52f2fc307c95ab37d97d9cb104d,245.8045194515
0x585a74117b884763d68ce39c0bd4cd216890fc326af2b4a78bb8929d24e34ba7,0xfab9f5717489b011d8d9202374b822198531646e,5.7347191482
0x14f037981664b8beba0de787b51f84b7c134ac6351b391d22c9911c892f6bb11,0x97852fe0489978b4afc997387071d7a9e7acb494,4960
0x91778200cda5943c1b453967da63f94879b8ebca5d4952725e9e59e02d7f57a4,0xfab9f5717489b011d8d9202374b822198531646e,51
0x650aaee3dc4fcda6d44acd6404757746709859238e207e801e18f388400c276f,0xf2172dac9059401c9e254690a478cc689681cd23,594
0xb3c426391ab0e5f5807cf9729adbbb89b867a2d560519e6461ea2cc547e18994,0x718c6a922eaa6c23634a28db026e95821bfa35c9,1000
0xda3b128a892ea2776812d29ce2433621716d9689bcc5ab0ccda8964136320d3b,0x7a6968204542f1a45af3400e76c32dc21894f334,65.7930786687
0x2c2d3a6fa64ae0f3f73901e3505de59f8d8f6d77b649937d18ef7dd13b0554fd,0x631ca109d2c32913da7227bf5d9662cff0942747,1111
0xd4b1c3674004da3d5a3e0814ac4b22caf936899aea876ed447e8424267b58676,0x0ca78ed9f48dfc2dbbff9e1d55227e52359776f0,506
0xd66ed212b1eda92c2983f4d10aa9a0b13564360bcfeddde05893e7072c4d96ed,0x0d7fce3461404033bd8455ea445d0c2f9dd138d7,497.69
0x653dccf73151d295408a9f322ba8ae8fc271ad033c6f52dbfae53034cde3a530,0x9fa5921ef2012f37b9e8911a647ca34c92e46045,47.9835910439
0xa77523c23625a46092b2b44f613c2b7722900de25cb47fe04ea42fda86c3a7e4,0x8bb1619b35a669d86767bada0b0c1d622cf4f81a,64.2717927806
0x2b51f3a8774488795605d951b5e4a651f5cb02ddb2888b711a583e7d6a01dec5,0xe8fe14ab4222efdb16e92043598b61e8070e9be7,554.7197572985
0x73bbb690f96ceaaa00605f2c653785b05c325b892b7d417ce8763fea34859320,0x770823f0b08b73941964e9ed2526ab5d311fd87e,2584.9265689651
0x81caf7da1e9c8a87ed9473a07fd8a8e5fd30cf6dc5e98b4a66d869ab085c9767,0xe5e49cca107025738b30fe6ee5241c82a249d2b7,1267.3936161587
0xcc844ebd3b51a51a7bf8634f90e074b7d4dd27b79d8ed941ed033fd31701a3c2,0x3c02eb9ea7e0ef7c80d13d4d83856c83b033ed6a,824.66180328
0x6a76c7bf9026b57eeb06203acdf3452841ab3c5bb547584bdfd146c1afdca15f,0xd34901a7b2b6cc659a3f122d9d6dcc9257ab1337,56
0x06afaab7104d2a858c03452960007c0ed7279e3403064c7a668402fa4fb1e120,0xaa9aa561cb33c212ea3407385bc8b8da0318b7be,8985
0xf0a5472880d5c0d5bb12f8827c15a2589b8b5a38d553fef32cb2c7f887004c06,0x43044f86dcf3a7f7bd3df7a20e1bd5a60ffa5c72,325
0x777ff7194a8862ff3a11ba3977e5c3aec949a64889ef68615806aefddecc5c2b,0x18160745cc587a66247b43f52164e6a3a1afda2a,192.02
0x54e3c298a882f730171bfe3d45e4506c8c1d1b7733652b599a6826666cf1dc7d,0xd54d6ab8c443b167832254e19e51d458deaf32a4,8796.2
0x6c69f0d4130c9259ebebae61247f31950c9f8ee6bc9915045319a9007bec5b5b,0x49fd1607a0b93334f090ebaf42c72babb38a0f76,138
0x4a8815e96afddaf9e4f5b1a42e744c646900985efbaec0d17c42b8fedde9a06c,0xf1c1ef1f9ce34e583156c91ff906ab37e4c79620,137.6150589462
0xbd94257b242cee9f43f5975cb1eebe98d1352c92d198586399667eb1c611ccaa,0xb3ed3f87b7d8726bb1886abeb30e232600fbdea8,14.0958162873
0xf80138007838b599186be11e47e4bd8aaf61bf40ba3dac4aced8bace1a11e1eb,0x586b1288c7784b4f5078528cd1a3af31a044186a,395
0x57c0c2b9beb7efcf410b0148b223ffbb56c83446659778b69264983c0b0695e9,0x9d21378169a6a99c643ec9065008bac866c4ceca,400
0xdc83f66d027b018e4cc8d7cb28463248ae2aa795e4342dac6ff3bb5e86ade84e,0x23a3c33c8ed5b911d9ddade67fa884688bbbbfb9,406.96
0x887b0795ff3c4e46f3355eb6bebad3c3bdee443a2dc9f81432c2d0f370594a05,0x143875abfe38e06beed1460c8c3eb31a2a26851c,1.172616041
0x2c9d334d4d6b138074b68ba57ccfd2228ab3e0d980c692978fa169bb8f48983e,0x568990a4583a4f77efa69c62d36763d931398057,200
0xbf85a99da32e398485b0f6a5a2d6b925453f866b93927409f077951cdbce332e,0x150b43888b42d00e72f6fc1278286ca6293c0325,311.1999281877
0xb88e081c1a4cb015cb685e38b85477c8443a260858214982df2e9769c0640562,0x3eb62166bd3c79a4f847782726481a73a6d3a4e9,46.8
0xd8b452e0ffe000bb3e47eed374dabcdc951e4e5cfb6931524830ce2b95dad732,0xef0c3e86537dc89297650e6756b9564fce97e5c9,10
0x9932de3bb6132d97ff61c7cf25d788ae6707d7aa275058a6437f5fc3ab74ace0,0xef0c3e86537dc89297650e6756b9564fce97e5c9,990
0xd816b444e6004729567c988c35bcf727217a1f21a42f9f73ace9ddbbb97eb628,0xc826e476f74474c05f82d9d72cd774d4ad9cc881,538.99
0x477db78871b1a47b795fa0a75c923def2678f62103a58c5f0f4c0a5ed4fb4db1,0xdb97f6ae9cdc8259984925d1b6225b6e93d0774a,3294
0x4dd0a509c3b91a66b5ad85b86c0ec0faa5ea504d424662abaf22ee2ed879873c,0xb094aa86fda5a62b6c923e5b6a5f0f2205599a85,200.0249366237
0x3c8b682c7e3b81a8379dc0cfc0905d51f3633c66f1bd9b1724dc0de7f8b376de,0x435eabb2aaa70ad9d59937b40d49554e8e97f3cb,62.2531881765
0x71ff81c5c34917e3d126244df6d2207b11b1435ae7c2708ca9cbf6c8541754d6,0x9ca2d975a14a8db0d425e421612376e1d5959457,1000
0xa0795431723c1cec5f864b5930c5971764a198defb3b203e1366c8e26ae159d2,0xbe2975700308297a6df27879bfef612bd103c215,1054.9187860187
0xfeea57e30629c237cb1d944e4362041b47e7e9c4f751c7e96a5775a910291e7b,0xf1c1ef1f9ce34e583156c91ff906ab37e4c79620,51.7141522494
0xd29c6844e95cd1ed440d6e3b3f5384724c8fc6054e54280174d6a0f18a30de66,0xbe2975700308297a6df27879bfef612bd103c215,1027.07
0x13c827aa4bdbf559d34c5fbbd8861e0982f7bc6a7eba81f59c5423b84a4c2d49,0xe1e74a529731e7a30d3d59b4ef4fa2d39150e384,1032
0xa68e35300cd1395fc5771e42c9baf97b6358cf3b52358ac47cba9fa8d495da63,0x54393e990b8ce14df3770dc586e823d427240af1,1002.5066503454
0x1dfe56aaf939463930d9633e2d1fdfcfe1fd134921438bc9cf49f9283065bb62,0xda7fc7825eba671c937d4ec6517f66248caa8ef2,999.9921949884
0xdcb4751a404683fa24395ea314f55fdcb0b5db78da9105248635a910abcdff39,0xdd9cd5243a3d2f90dae9df3b832ca6f841d95ee0,534
0xbfe8be43ff71a17a9012a6d2d457e42cf1b4dbc795e968156fc6a6b2b8e3134f,0xd828ec3e221a598f9b7aabdd0973f4e052469c2f,1630
0x312e6cbfd7339d010465038b79a870949bd60b6d15d626200f0f038323d2171b,0x9d1b27796adb236512d4bc0f26de4c12dfde37d0,250
0x62c36f405490a7eaa527b06b957f54dcdff22fd053d7a4ccfa6c35ded1171335,0xe00bd5dfaa6601ddd99215caa644ce21857cab45,51.4
0x735f859c0ccaf0e45c5b1746c9b85cda0156ce9cda0fd1cde00fe404d088976b,0x8b4cb44c6c68eb5c3b764bacfc585f4c5dbb6955,408
0xde112ab55f81db3e622c0c29ad61ee66713f335adfaa72d688e7851cb73902f4,0x8b4cb44c6c68eb5c3b764bacfc585f4c5dbb6955,0.4284008618
0x0901ad4c79418dc6fd637b18009834f0e45d6b507f4fbe5ae811d8b3c2c37198,0x554b086ca3d50a72dd30f426a6249a8c863d310c,97.31
0xe5f3673cb7dab0ab5cd3ceecda9d68c6d3499b935cdccdde8aff757523fc8620,0x519d70f1bc214e10a3fc502e9ee3a36d490a53f0,708.1041270488
0xe381aa9e42bdd26ab5170ec0f5c13933e58e946d18f605244a051fce77171be0,0x1a96db12ad7f0c9f91c538d16c39c360b5e8fb21,8149.98453182
0x6a8d30a4a74762d32672fbd60a4ce49e8ea415532e23bf8ede25117f378f5ed4,0xe686c86a2cf340a96e087ed70e28a72025112bb4,4997.5803835005
0x0a928038e0898284689bc1b10c5d870a6119bcaa15830543e0e5780efefd974e,0x68b2deb1564f60f9c8224848293a39c49df721e1,1308.39824804
0x1bc4b496e61cfdadcf8d887545048b9d8ab8a0c034ed34d341c2ee4d5300f21b,0x5ac240d899792fa1d99daceb7044fb03c79f5a73,92.2
0x3071bc34a6793df407290172e5df6869f7173289e9a1f302f4f9ab342cb9b082,0xb2bb43821903b5e8c8119308054f8167c0e9cd74,4997
0x5fefcb221fa5af3494f7003ed75db5bcb9270048bc21286ac44200904b71edc5,0x3a9eef4770734421d57b9434c479b2cf815fd9c8,1994.971692
0xdbbb86d2df6be91c03bc9673274fd70fcc7bf1dbeb255f1acd121cdf868dd520,0x274eeb8b406cd1c3053e771400dfbb2d19a666ed,2077.795
0x6c8886b4eebaf6b49b045e8496777bcfc8c8e037b0c5bed9dc55f1dbb7da756c,0x3a4f8031a2ecdcc7a6392f792602dc0f69041f31,500
0x39b311db97023283d083041b7daf5016769418ea0302f505cc9c09b6c8027996,0x902d07f3a388bc4e4fe035450afa43dee3e4efc5,1058.9919061122
0x7b8924fdb7df81c973feb4fa8e4c22a0a2367b3b129693db89977f4e41f853c6,0x3eb62166bd3c79a4f847782726481a73a6d3a4e9,105.922
0x8980ad42e714e6903f50f5d88d89fce4b9d402fe882136e2cd96735c4a726285,0xf09a845c973b8265c8519d503fa6097caab7f932,7500
0xbece93fb1f6ee07c0504ee4aa4a32ee5541936e095f460f93c8e85f688258939,0xaebfefcc209a5250578b5c1c97c3f40e2cf96985,104.63
0x102cc217751093f4f19e0b206b47cba52d81095069bcab271de1bef3606a935f,0x604cca881b5201bf9fe669410fba4c74ee05662d,5269.87
0x2dc9e6e94e4e56e41c49b9c1fb678a0469a13578979ea3600872f263e3cee575,0x19b3a3603e8889818383dfdd1897978957236c9c,10
0x9577176f50807c7fa737b4fe602a6cd486557b2e01ac47d6f0b90ef7b9f87d56,0xcba1a275e2d858ecffaf7a87f606f74b719a8a93,20000.9622252781
0x040185aead125cae151ff293f7a26148b8e5368dcf70b86e48d7a733ff8053b2,0x769c6d51f9690c33e6a58fa9100b75bf467017da,70
0x1364049ad623859f637d14a8ec4104f09c2dfff7e872715d0baf65ddcce4e874,0x458f29275dcc0867f0c106c1049d3e480cc58c04,260
0x282f529f2b33689fbfdca2b7670d2482279526ef6f533efadbd7fb002c632c73,0x3e0e03bfc06ce2d01d9fc65dd2833db7b895b822,860.4352295015
0x5582475a197d7f738bbe3de5156ba53ec1b67453ce66be95dee1870f569b84c9,0x88dabf5f1754ab56f0178acc61e83517937bde89,120
0x2db6210454b28a7fddbdd20c06bccbe23d4cd770bf1a2710f90a0f377194d2a5,0xdbc335a78d7ab8211bd5eeeb6907c7a2bd129589,2000
0x523fc3f26670181b9ba7e3791b4b2de9fe98670dcb96b295e11744fad80b2517,0xf3a47521e471d5ad1ab8efcbc287751abc565c31,1791.2890189204
0x3bed24d0362b913780314d08479346e993cde101187a967a31e233cc5366abe8,0x98f239ae39429c138240d4e1526bd3c7c6a2321f,84
0x445e6ceed0240a8a91ac553f51b13e9caf5937f15539a023fe8bed268794debb,0x1e3b642831e90f3d5cbb7e3432787c8faae8c671,16052.9126665709
0x013b55181493cefadc6fb5cf3887517b47472be40e30d5ddf84a414a44326238,0x77e3cf7d9051f7e76889ec11d9ab758f9dedc5c4,12345
0xf5dc55264393aef31f5f5c2e68c5fc1ca4e9d9a9cfb0fb88566ebd4b74c5d534,0x6154fb1cfd5e2bc14fa63b65ed442cc5bdd8e324,99.7
0x7bb6dff38c1fd7c3612b40070c37160409a6532a0cdc845b51a7227eb647b3f6,0x0f7739f2f93753ab14e0faf5c9a3ee4519674aee,593
0x0bb102ce63a469dbc165d00e223a288338c4c844f8ad6400c98e9fc4cb72bd4b,0x2facf6ed4b43775a15f8748be6463fad4b8a1df9,2398
0xf242e6193c62151b25f0331a55926077f04509e2d281b6ff2e7d2c4e6ed7e3f6,0x98bc0830d0a3f94cee1d4769b88eb3f246fd46b3,10000
0x2c2720616243e94c7c445a76a9b813bfada3edf7f7deec731a657ae734d36f44,0xdc5f63cfdb37fefb6fe5775942002b586fa3ba35,999.6
0x6afcc14582de9d93899221598da9b5271a31b6a3833ed3592f87afee0719b85b,0x6154fb1cfd5e2bc14fa63b65ed442cc5bdd8e324,66.7700445
0x6ef2a705ae3fe2f6362cb540c6da4caa21a0457ec65df9dc0e340d96820818bf,0xa6c32427a772b7ce588c19e990b3d33720b08d87,459.9729372
0xdd72e0f26b5457f6ba0e34555ac90e3c2284fd5e921328aa157aa3f5b05b95c2,0xb04660a4228bf1bf86e5e005a6442e9ee92b9bef,595
0x9ab03ab7ef8e45d06768c04d25bfd7149c053350574539ed7934c19830ae714a,0x48dfd4bfb07c959928e2895f5841d66fa2d0b0fc,422.181463225
0x41e60e3edbfb06d31edaf76066f02363b45a2946e65cfb9f3c3f808c5b5e37bd,0x6154fb1cfd5e2bc14fa63b65ed442cc5bdd8e324,81.3296392848
0x9352f1d76914f604143f4b4a4497ce932eb39c36bbc70f5bf977ff49d352f9dd,0xbf0ab0436150c1928ee16686a0db560e9d5c581f,4676.921
0x31a6c37d099249ec6747290746bf2b80e27310ed8a47c032eff1cebc6086c380,0x28c5bffa606180994e8004c0675ecc36eb8cb20f,5000
0xfd8b30b2e7a27250637756a7739603c3fec7d3f43f01da61b17cdad86c906ff7,0xef0c3e86537dc89297650e6756b9564fce97e5c9,1093
0x8dcf73ff52bcac9919910abc44c5e15f6054deb3aa681c19007d9aca809b0824,0x7e3fa216e5aeb29f4238b263606ab06124c73e92,4444
0xca934a9ec3ae5b8d8a8f54bc71d18efb1b93a9fc29112d8bd403831ff90a50c1,0x604cca881b5201bf9fe669410fba4c74ee05662d,29956.3143982508
0xe8257261d57d68981baf3adf950851f4b8fb6448106df3ccaeaf674492367397,0x7cf9f878942489b7a1725d628a9e59fb1b38ab27,10000
0xd3f027b7f3ad806686d0548a9dc01c323f02ca2b6d85ae98040bc5ff76213991,0x9f1f85e80cb088ee8f110e62b402112444a402aa,697
0xa0c2b66897f6216eda8f2c6ac519b942cd86b2a1d3de1bc8eb05a0261977ec2e,0xdbea6ff6d56d689fd5dfef12108086a5fe03a961,1078.976
0xd16ee94164ddd7e75e0e366bd6782a8e8b0f74a9b9e9bc428252136e6b9a65bd,0x48f45a0f771a8db591741dab903320ead0784a95,6669.33
0x049d5961481120d53ccf3c2509de9fdd454533c2333450ebfee92278777a412f,0x2dcee862ae8aa1963047798b99927072de2ce1da,2918
0x23d5063ebcf45bc03838bf71796c6c7c96792b20bed8e61a3319840ca993ae4c,0x146907df1552a6b93050ded21fe2a8a26131f404,45.7604241657
0x43b98bf8be4d804faa2e30ba8f6192de231fbfb6929dce0009de4aa333b8675f,0x0e9a7280741e9b018beb5fe409e6e21689f3b8ef,83.1092798566
0x23906c8ea0e25ea055f7ce9c20881e19d9ec3b6b6106e0b9df19fbf2fe63ba82,0xa7dac4ad00c797ac0c59bfeefa02e19cbc0e57e7,50
0xf2bd3be4f53804fe78ca34ab15963472e144f68e6bd14d026770fb11615064da,0x1b9e47e499b779d2bcb6d627f9f8e2947db4d3ec,5000.1363558515
0x242b3c5272c13b00e89a5ad48f9d55d9adc6f10f1550f89d924d6bf556a8bc19,0x38798bfb6016beeeae2b12ed1f7ba2c9bb49334f,407.7333986277
0x8b5d320a87b573e4b5170975b3791dae8d39ed0f120bdcb0ae1674208099e534,0x2b6cd329cada1bf0cee262749cac782ba9c5580b,991.86
0x5594d4355490b8c5c7f9a4720992478d009b4a6f0fb0841ae0cfbedea841ded2,0xbeebc0c769a24f94681d05751fcda51fb780931f,3999
0x517e24e06db0a475a459c3129140111aa8549859011134bab535f2acf386b02b,0xbeebc0c769a24f94681d05751fcda51fb780931f,166
0xa7937bb486d9c70a60b6f0d8c90e25e01ac780f96763b3cf1c778805a9fab341,0xbfa3e6dcd32e863adf3ba64a25b7a6c470d65a4d,276.11451
0x5cc63a6d15d33a18978b289d5a6534fa336f889d55512c193784af5dec17d5f0,0x8421d4871c9d29cbf533ccbe569d8f94531d8c70,4999.32
0xd3ff0fec833144978d784cd56adfc9b353f81cb5c85d532b9c30e6f57feebcef,0xeb0c3bbe01a06535eace977e01211a481f5a1201,6016.09
0x597391f2046700afc769072bce08420545975caea16b85d8b245e19b4e1c56df,0x243a4f33b4a9b3a45aded0c291cd64716ca80a8e,1684.5296452883
0x23f70446f4ed31971587f6cb3eaf6186def182cd332cba5ccc60d1a7e26bd461,0x13c70c000b9ac49fc3e4be4592fd5a58254b40ea,5000.2579397886
0xdc6012c4bd7e29cc450b44d9a2d72fc080bf07cc1cd08d1b4bd6a22ce6ef09ff,0x244c2dea8c9bbc7a2e338741d6416c7f247036aa,150
0x18eb3c96f9680b8fcb5ed396a5d87430eac7d081cc786765066ac35347bc24cd,0xb0a44926c0627790e3e408518569b01559c1fb93,1025
0x9f102e323d7f181c801ffe6e3151123440f798d3e7e25f49cfacf4d46ac26901,0x77f30f8fefe2a010fca74e6bae4310b752eb8113,100000
0x3dfe04f2f551fd23dfef35f796df2eaa8f407c5ae96f77d84cf4d85cdaf01e26,0xeb878d6728cb326360049fe1f14e3f48b4ffafdd,4200
0x9ddb9ce434e3de0d1c0cdcd21d8cb518522576f3428f0e39e05c66aa9f11e0f8,0xc18cf3fce9d397d9094c34a94b8dc668212b7c08,995.4270162145
0xa9802832188eb9ae74731e613480580e69882827c87dc1bac4e442f5fd03537d,0x606ebf36bbebd699584451afe8060da9a59fd41b,542.59347576
0x3eef879902a44a69cfa37ce82425414f88acd688e03e41ed9c88011276c05e79,0x08c5996400dc006511eb7eb65be3374a1b69df45,2075
0x6534639372ca69484b00acd123e49dc0fac69818f65d7f197c40a8d4a09c0a72,0xf8ce758813adf1c73e10f64ec5f1f2808f3fe8a0,1992.192
0x6e0c2e0ee42279fb29ec89c01172343f203916742d803c9eb065cd5e22e486a7,0x604cca881b5201bf9fe669410fba4c74ee05662d,3586.6650668542
0x5ffe46584d807db1df5d82071ba7701a4b6ca0215c2d14eabe4528c1374cba7b,0x0aa5be3f5226836e75a8c31b003d9fc16d25afa4,2803.46186652
0x9ab662c8ce75311a61f4bd17c3df21b3d03c5b7bb059686f8fdb2b6b063becdc,0x619839a5af8cba0657c715fcd3df4bac7f8c93b4,2973.85
0x9650afdebfe2039a635b6d49bd38095a75311b7d7ff9bb35e30c83703ea6d94a,0x2e54b6ee20c08495b7dbbdbaf3e936bf5ff5d61c,4.578
0x58b6734e90c50cd51b86e2bb89b25c74e084df33f73872c4d287b6c1e33ab129,0x2e54b6ee20c08495b7dbbdbaf3e936bf5ff5d61c,1029
0x28314ed3d42d0f42b45fae4b0d3a7dc2c607890073a56c9ce2b7c224a2c85aa8,0x2be6d72f19bdf6345c91241479d73e5f66b6155c,168.6553141278
0x1f40eb80f715d9467fba12608f616e0d54db0928887af5008d3a354f8df34439,0xd2d520c99319dfa386e08cc28b052c006c707af1,5000
0xdf81f45e45dc60e211ff3f44b839e2c5e8f7afb9c738d7db4eb3902c89ca7275,0xad8ce26797d48819cade975a7cc4ee2820aaa91b,2001.7116410272
0xebe191e7a1d099bf01d0dd4a53854570a3392e22cdb0735983c56fcbf3274596,0x1c4d1a9937b9a392136d657139d3cb89c17f6318,14990
0x864185a018d681762277d493591c0bd6d3b65efc32132c85fce9bea090d72cc2,0x27f8602e403b6ea18f8711a7858fa4a94ef3269b,1489.8953168806
0x5d526ce281efc3425f79b8a8a5c70c891f7e97b1a4a5e4f94f7c25d4f8d49bec,0x6084b60e83715f5f617dd86a332280950e5be06e,10400
0xadd5d4ef2f77ec736f6640a48d0975bac59425dfd71dc866b6d8d99f07db6598,0xbe73748446811ebc2a4ddddcd55867d013d6136e,2000
0x50e86f355fb89f13bcfea2de2bcc28fc730115e87e914444f7d589e49c15fc3a,0xda63dacfccd4b08f3be46995dec9f05d46b922ba,3034
0xc5d94e832102d18e12b3f57b64e98eeff2cc8881e84195e1798080a318c3d371,0xe6a369732f1bcbfa27a09aecbc1ef360507c920e,1987
0xd8a2fa63726ef9062dbc0cf7fbdf86ad96fb72485977ce5a0d4742952c624504,0xb7b3a3965ae46cbc437e1e2d283e8edea636408c,1501.3033663829
0x8ba3235f106fe6a764ab2b139af13c101e7fec7e0f9276b03baca3069ff800e3,0xbe2975700308297a6df27879bfef612bd103c215,0.0036835938
0x38d0e265c5457bb9a46f51f88a8481bdd4f730a0cc7d8ea840b6c121b9df3080,0xa832ed7924d650eb9f476f53cd7056b0b87eb718,1381
0x921b4a8ea2cf8c3aa6c03f42a3374c17445b3901669e84305da1402b875e983d,0xa88f54b7754f8c5de32032bf621b91de208280f0,2770
0x338d6cc74c452e2a4b6d1d75127a53c9bdda262efcea8781bfb54d6d4d301495,0xa88f54b7754f8c5de32032bf621b91de208280f0,1.8589842596
0xd552ebd3342f67c1e02e0077edb685d1d0614caf7802538e5b8c9254ddd3bab6,0xb03f5438f9a243de5c3b830b7841ec315034cd5f,193
0x81f6c000054b0fb670360819a6c010960fbdd76772621c0d44d5c5bda74ed7e1,0xf8ce758813adf1c73e10f64ec5f1f2808f3fe8a0,2016.7224452059
0xc86ec5c8d2e167bdb808e4afe1cb855f64eaf718f14e07fb8fc2ea2fd7c43513,0x6232d7a6085d0ab8f885292078eeb723064a376b,800
0xe918782f907712b4d11e59747d7727f438202a65f9ed80989be9a47fc462a6c4,0x5d73181b4ca19f4a8e5a4ab51c09895a9a80189b,4666
0x0976e9b11598988292ccd4588474fc3d64dfa5322236ba0f4a829feccfaa0638,0xe4376115609e3b29c84333e1049e100b97cd12bc,247.0636902066
0xe1b6103bc993cdc9f7510483d8dd8ffdc80f8e51ba60000ba770f180e3640792,0x81fb9f426e4758ed5632cf50b885f6275c0ba7de,841.3
0x701a330f78d6907985af9fc400e454e4922a0450c823617b83bf97ff064bc9cd,0x920fb6add38f7ea4270a0742fadcd2371652247c,104.608547369
0x86d845aab09a33dcb80c912baae5f51af719ee44dc4709a88ec8bda008f260aa,0x15e93ee81c91850525cf1ccc525a711d13ce3f3b,1402.2243858
0x5b586e9dd091d217cd07eb5c5497d30d3cf6283822605c3b5aa0aa9f0ad7f28e,0x5fe37d50be01bf231f56c85e6aef5b4f2b6ed15c,1250
0xdc23d2ea79bf75c81b1ee39bbcec89e8804e6d72cdec2a897bd85a9143fc9ee9,0x5180db0237291a6449dda9ed33ad90a38787621c,99648.34
0xa634fd1d6a0b1368e5cd6511fca600460612df7cd837994ae94a31e0598594fb,0x8d4aedd79c9330e4ee4b88a582fdf533dc0a0e62,100
0xd6c3b98ad6d534a24535c8aeea071b75d1afd2c740ab2b4b7eeb2938ce0bd775,0x76b60dcf71da2294f8aa034432d925d1eed8cf68,300
0xbb28e2fc2ecb4bbfe278b0f6ea9a217a0a2693e4ae2096be1417ed98690ecdf9,0x354f95a3b3950d6dde0e6c8e1c1432120bf0a07b,525.0074505428
0x98107fe07db45bc70ac2229bf84a4349348c208f0e299f6c1a4c4e3e256c252a,0xe30529ee31360c8be5e87267ec5e926e45785c6e,109
0xbb30bf0ee0bfc3dd6fe0505491a8f0ddfe6cd34c7b8933f060b03bf2c5922bcb,0x494e6203d2f0e079ff3f7ab5ce1cb28c350b2c13,56.2394348853
0x9d0e46cbb18e2ae36f00c069aefa5dd822ea5e7aa22aed43da6160dedcbd1ccf,0x5502d2fb37776055f1197618cf9dcf414c59ab27,11.5
0x7af145c45de131a2b93d9983307f8e0f3432be075607c8bbc29e08e514c38147,0x52019cff3b2cf4bac653192b25b502ed4f7f15bf,494.92
0x76a38d9de602155df30548f3dff0f1885b526250b2294ed0e060916d04039372,0xa36f08595dfe34a408b2f197164b73e717a09654,2165
0x2e4330bc27e269ef73aa369496ca7617b9d643319c767589f95f432406ef25d6,0x5642783350c171f8d13253959a156da8db2188b0,2536.1780389946
0x6fbe8ee2de9b6f085dd54630ca1c2452ac4a14f2bf9b74b3008802689a336f69,0x1a0f3b5e6a376877f63e830805e6ca7ee2af1ba4,1596.6630299251
0x71f29e6bef1de580ed4ae16fefc7ba05e786562067bba84f01097a0467306ad9,0x6034c3a3f78ae17da76ce3baf83858633cf252c6,4344
0x909aa37cf77242e86b24e1c5611bac76a5e4b214d47d884bd5bb029df5eee701,0x6034c3a3f78ae17da76ce3baf83858633cf252c6,1.8936178339
0x1ea0c8d6dd050da0f5aa04d597e47d850dfa60bfb3b8cb29c998a33cd55110ba,0xa9e9ccc26172703ac180a8e79a2b9adf6190799d,500
0x2265e94fcd4c3382da9e907d64ed6aeec45cb064dad57e2edbf430be8d573234,0x9e9a0e49be93e21f1a9d42d639622305779d1c8d,210
0x1f18338caf86aadb1949259b1fe746c2f18b75fdef8632e49a5c6f804dd02821,0x52988b591aff299b83cee12a3f78ee87c2cc4ac1,5511.681346681
0x866d6f28672f617a6eb04cf199d0adb8d70be86c03c2a0f5879b7bf5129513da,0x7f5fe0cf45ad50b4e80fe66a87f692b7c006bc3e,116
0xfe01a38077d15e2dd7492e45b2d0f278e3a2cccc2cfff27ab8867154bf6f1196,0x09d1831397df2029951a5aa574b3e2078254aab5,2648.0001301824
0xcf9b13b28cf59697b8633336928e0aa64d53a6faf13089b9a93fde990b69cc8a,0xdb537f80f9e1503cffbcb69a8f6fbd01047b6bcd,31
0x61ee9d5efad8775d1748770c6002fc3e1f9a24893b140f20092c5f9b27a8bd3d,0xae91cb00c413a8d6089ba0bc8bf66fba47a912ea,9337.1634686277
0x40fd1fb8271a4abcb566f52bb142ccbbd0ce1cc137a23a0a942504cc61462976,0x7e3fa216e5aeb29f4238b263606ab06124c73e92,4321
0xe4aa7302d5413d6b48fd94fda2d1e89ad35543d6c8db9a59d1b128e94420dcb5,0x3d496dbfe711a3fe668cf08b5f4a3fef1b696a39,45
0x11baa72dd6611201625fc5a33a2ad72af263365dd0cd810268a8656c85a503d0,0x150b43888b42d00e72f6fc1278286ca6293c0325,183.9614883929
0x93735e2261c8c67ea9bddcd72dc77cd88c43935ee0467e94a618d515f7e1b581,0x58d9a499ac82d74b08b3cb76e69d8f32e1395746,3314.5634135765
0x17db68bcd453e0c0bcb734715bee1c86d5812b5994af8bfdf05e5c20ea5cb964,0x09d1831397df2029951a5aa574b3e2078254aab5,449.25
0x11ffe7cf3499ac72eeaae049ffbefcd11f00c85c3c8dd9f2ca2257a1053a6b1f,0x5f52b8001fa25946f9fbfb6d9682d255709a928a,319.4917891692
0xe3c930f7527a624d56302efc346529bc22cc6a5db41429adaa04191e0e92dbf8,0x2d542cd0fe70879668f534a66fb6d128c53d5cea,815
0x54c810eda5c5163de9a5fa0e21714a0686938ece6853d7c413b5e5faedaf5139,0x09d1831397df2029951a5aa574b3e2078254aab5,0.0041627323
0xa619c813e75b5279d2aa4e4109889e8992b4776a66c02fdffaf966e818180768,0x8c57fcc73092fb5ea7823f11a4896a049b068996,5048.6308825595
0x21361bf1eba2447ddef9949763dc4aa7728effd8e995fbf12cfff3107b423d0b,0xcf935c04593d298a6eb89517fd53c2b90664c995,2066.7
0xccee5e385b49844f5840d8ba4567053305a089b226d10a94f8586a3233ac3d6c,0xcf935c04593d298a6eb89517fd53c2b90664c995,0.0899521972
0x3678be7b381871e4aab8da270c4a740569de04473c63c5a8f01df1cce7627a86,0x74b65a6a47f26dec0f14b38486dbb96459a0062c,1199.52
0x761c8c20db6b734e6ccc7d2d7222d5b881fbdab9968ec02a7b4180555d8d5abb,0xe98b6c22e1ee531e2c654286b506b0484a3f7e97,5000
0x1e974ebb968e66f52bc922c1428152a3596b1a5f2f3526f240cfbb049b5be1fe,0xb3c79fc838f653c720b9a90145f51329b2a90de9,400
0x255a2b5c6600b8618297d1bf282ef9dcbe44112b883a94bd0e6b1bf45ce35e8e,0xb65688e246b11c768a1620f47b327ed08b8b2b4f,148.65
0x1c961b64ce0a43b336827616abd90131ae96327378af994bb9abf550ea17179f,0xbec63d3d5f090efe4635efaba524ecabd2dd120f,1166.12106492
0xe44a1e5b71269f30dcb985238bcbc42f24c28600d6723e8a215476025075d93b,0x0e93f245b2d81f62a17e87bf2bcea09ba0d65657,4000.94
0x4fc2f2c009fcfec04bdd435359f2de17b3d1d9fd5a813ec48214cd93435fbdc1,0x5656cb4721c21e1f5dcbe03db9026ac0203d6e4f,1605.2326900514
0xd15298e5113177919ef0a39e3752bdd2cf3c079f7944b39198f4ade3181d614d,0x464bb7c5b1524271a57d6aaba701af05142eff23,102.8540999297
0x898249e363db8ab5445a9ac827030b75a36b97926bb3195def8c8b99a136dfb3,0x83b33ba5b1446955bee0b3110c163150f555e40e,1160.8459059093
0x72e2bdfcb9fd489ce41c9cef042b340df9419fc1b5449d6e8086119fb3794daa,0x30b3c7fb29207b95f3c3717f1b518a039a04ccb0,1994
0xe3e82726893d47a72fc1c7fd71df0fdae481dfbab3190e4c71d8c4a73ea7fc92,0xa86d37706162b45abb83c8c93d380cfe5cd472ed,206.5304672786
0x49c239617aedbf8b6ca8b3ce1d72cdf84952e3079c5d9c4eded204587f0c5afb,0xedcb6b933644d4879cd269d3c142e8a2b8d50966,205
0xf3a98459002a4da124008404e9c0429e78ffe05e1cfe978b0b33feb62c6900d2,0x0e938f234cff703624a24770a18094cd71e2b37b,2499.99
0x85e7b6f59f5e2c5f39fb5be17ac70af01e667d5810ecf6b27f7916ef382ec2e6,0x013c7a3c90f3e4642493c235892ef3a8e5738b77,149941.69
0x87c4cf7b99a024f5178e569f6eb6ffc316116db09fbd4adf68de32f818e1b707,0x1df428833f2c9fb1ef098754e5d710432450d706,1000
0x428061d330cdfef7314ae681b66eda6c44dcd9ae8416f556bd83c427315e90a5,0x2cb2c5e2609976e74111083b0d8805f0bf31a15a,15003.64561885
0x0c3b27e149b6bcb13ea3fa645eb3dd40666da0318230ec78e6a9837418ca9568,0xad4f08dba3fbf6752fb0f9566cc2fedf68f87dec,500
0xcc1356feb4b7d743d3d000637e541a12bcd38cf44e9d9b2d9a21620e27d87158,0x8d4aedd79c9330e4ee4b88a582fdf533dc0a0e62,50
0x50ae21590b4dc344777fb416de538ef64eff39eb9dd8999c6be79c9f568441c9,0x622ed824050bec39e64e19ade462093a763cc5e9,3496
0xd45e98f47e4896e39b93955e2e21286d54f5ebcc64e763022d6e6b86a2705f53,0x1a3cad3db8e9ca488719a2660f167ee8d9370457,746
0x3719de70eb0b182b5977ba7edbe6c5c09993675d69b8b42d7450445698288eb5,0x4591ad10500974dd1817caa8c308240e0e52844d,50
0xa26f9e2d3091c221f5956f5a67ced271c89f5180283056d105186d20941d878c,0x87d5140d53f5622927169dad6555bce01d0d3641,249.6358041565
0xf65a541ca769bcfa064f34f73fb9c2bb07826f28ca28023df3ca3607dad0ab02,0x0aa5be3f5226836e75a8c31b003d9fc16d25afa4,2071.85882484
0x16cbbf2ac06a14e58383c49750f71f35c2cf4559acb77e721c0cf6f47bf87ea7,0x95d6af5c05a0fe59e2dd69ea83d63224c37d01ad,1263.6799334379
0x049f419da58751f46eac7c0971e7ebcc0dc87e5dfbe0163268f7ceeda6f46396,0x7e3fa216e5aeb29f4238b263606ab06124c73e92,4235
0xb2683b8537bf84412cee7ecd5e949dd0adaa3a5c805a97b50acee05afcb26b1c,0xe8da01039385e90e852051eaec348a4e5f0c48c4,50002.05
0xdf180d55b4f62080db0538e52ed2e7d5a7d035b8358370dadc98a62be9933dea,0x4c8197777d0c41f83043169af5322641a6047f17,1000
0xb6d54e38a5f9c2637edc51ca8fe0383646082fa40837e42142d4a6f9bec4f479,0xb707be3cc6a9599597443c4eb5cc11bd6a5e5087,100
0xd567cd3699cc560c7ca96493337d965a5ee4af5b7fdb69b9a488aa34ba4594be,0x677e2c62afda432948c1cfebc2211b865ffc3540,1
0x0e072bf2facf0a26a1f15247b1d9119a4161f792879fd922bd3ef415acf231b6,0x677e2c62afda432948c1cfebc2211b865ffc3540,1
0x0f542cb0bc1f2d5a8e497a0d8bdddeec9751ce8f7e50d24c2f284b11355a666b,0x5ab244bb1e24f0b14a88406d6b59f3ca44cf652f,95.65
0xff3f7a9e2f1f486aa4dd67b7132c31c5589d59936dd08a1b2c0fffe123870bdc,0x677e2c62afda432948c1cfebc2211b865ffc3540,10
0xd8179ef3e4b9ed93fd079ac91c9789de66d8872fe18e34d250861c8b4744b218,0x4106a756c86f2ce6dc667cc9f4d68bd1b0472f3c,987
0xfc28aecaf497eda19137fb0071ff56be51a91483b3be9c75bf21b39e4cccf448,0xf8819da929dd8415a46d614f3a75987a1d76e3dc,1000
0xb8ff997294c17fa4a8641cb8f97c903052480aa3479378ad56fc55559c1db210,0x216fdb3ab5d6afe342f80d15ebfe344c52354ee9,553.714379215
0x32e87720ea578041b4cb242fb44abc4ee65fccfd82b6f5fd75ee3a6e7d8d7c3c,0x5ab244bb1e24f0b14a88406d6b59f3ca44cf652f,202.7788097839
0x1c0c2a127ff46054037e138f8f703a0dc0f0f9455b25a5beed0ced157e7611d0,0x5fa6b94256251eb96afe69774d3fc658f9e6ade0,16.2
0x5c8a8554df40b1483baf312082ba0d2beab9402c7d2828f0f017516d41285e56,0x97852fe0489978b4afc997387071d7a9e7acb494,4975
0x3740a1a3e61c96a8a87430b7fb2ba934ca9f35e1b1e258b35c998efa36019150,0x3d496dbfe711a3fe668cf08b5f4a3fef1b696a39,16
0xd4b6a54892217425a6bac3f1b86a24f88e65f67d80e18284e883694656983761,0xd10e2c5cb1a00a843e16b828d3f292b520fbfbec,615
0x5819cc1e0682c87a1d4d433fbffbda75100b67a9cf1b70e21bda452fdfd098dc,0x5fa6b94256251eb96afe69774d3fc658f9e6ade0,9818
0x4fe139a83cfe0893ea08510a6aed3463eb2c85adcb1d655345b54ca44e53ee7f,0x4d844473c881663ae658f99ae53ed517ca4dcc82,286
0x7f7eb62727347615b476149d338f0e89f9c25a392daa9f78a2dcf13948315457,0xbc9dbaa7bceedaf6675a99adc3617fbfb42dbd9c,2000
0xaa5996f0cb057e09088857679be5234fb463e0eb084e13a4dd4fc4e06fced6d9,0xfe2d66f7ade28ac6d474dda5039ac36ad9bb4153,1000
0x854881fefe90cc994a0c2d4b06d9f4d879a794cd8da841fb8aeb51a1ac035910,0xb1408c19026695576f1558f144f331a368429090,2565.94
0xd25f4f4340dc8743fb706ee3e0b548cbc1069d261a1c22a0b2dbbf27da0217a8,0xac1481bfb6868cce46526978a50a36f71476773b,395.2
0x946078d1bfc0622031d8ff148c7f554f7a0c81ad5b52fc03993c2a8e1071a6a9,0x49a3aab8ebe80725646937b9e9f6f8b4e9867bfe,57.7548224241
0xf7b1585261ba7b007cdb5094650cae2cbfca4b1e574fe3b37a95701d3abdff80,0x0bf73596b85cabec6b0b4e73ae18bc8cce7a6f29,505.613242295
0x47c2fada2eeede35957eb91c4aac9ed456981ad5b3deab3a89f4dd606393d51d,0xc985c19bedaf658d6c4d879b213fadbc25621a39,250.415
0x42d4bf16ff0e779faafda114ad6452a73504922fce3d7aebb9335b3cc6e02981,0xfe2d66f7ade28ac6d474dda5039ac36ad9bb4153,500
0xed59676f52306a94bd2303c00ec357f4a622068912a8568d0b7fe8090b10e32f,0x97f41a86b70cccc673d0af8e6c05c313d2f59906,4516.98
0xdeb3865330cbff6817bf2423217a6ac204e9b614e7f365d8b5da5238c4e1a505,0x76b60dcf71da2294f8aa034432d925d1eed8cf68,699.6232842117
0xbada6205917cbab56dd4904611379b80ea73b97269c4a82cee57c451078f24be,0xb32659fe74a4ceabadeee1b58ef334d499b8ba26,1604
0x4bb5cde63cfcecc4ae50f315e9adfccdfeac8ea8c85e7111a51d728f0c4dbd17,0xd0a8849cedb361644051547e96d09eb2a450c445,395.1193030806
0x433ea9850e5ae5e798682b591f630c47b9ceaddf07aa0e45feede49827a8f50c,0x8d4aedd79c9330e4ee4b88a582fdf533dc0a0e62,100
0x77fac2b6fc65afd299f12a45363880ee2b465392510208b6e857ec7fff932bd7,0xb4bedc198b00aa71e6a13ad2ab5e556e4de80a43,499
0x996d69eb2abca46ae29d46c772b0f85758c04f5bed417557f9234eb18795d1f2,0x3d496dbfe711a3fe668cf08b5f4a3fef1b696a39,16
0x16364fe63ce7b750dad4633b1ec881f582eda4a69efd71288641c95d9a693f25,0xc6537969b03cbc712a2d9ec4d89917c4a310591f,493.34
0xd8a23b8f60329043e3d5c99f5111c9e39c41e7639796575ee7d95fa1a1dc0f0d,0x9401df71b22eb8fee6d89e25905308c06afb5b81,495.1653983323
0x75e611652162b71376d1011a59446afef27dbf2f672fdc1f32e2bb07f6f3e36a,0x98bc0830d0a3f94cee1d4769b88eb3f246fd46b3,5000
0x90bc8be4e14b95e140f2ab5c8405913e9031f2ac020a4039a3602fa8b186478a,0xa070c820cc88017985782ce13a152a6974418d31,5296.36
0x7aa52d890e805dbccae1a0b23ccfbf1859a7eb5590d8d5b671f2f7dc0a7d7f42,0xb0fabe3bcac50f065dbf68c0b271118ddc005402,2000
0xbc2f7e007d8397e2ab4cd786f4ab87e2d5164242d5b8373c2d7f0bfa98dbf9ec,0x5ef319c0033c81cc777521f22dfd189e334b68f9,999.4703529969
0xe55e41126c0f8fd3c045a3a50d3c165860b8ebb7f3e4bf1a8c18f5e959f7a90e,0x932d47eef959bf9bfc0d6a2f617bab95fd18810e,10000
0x13592800a36d0c0039ec44c6bf4e24a772d12a2fc55139a9cfd8c98ed94c28e0,0xf2a5fd585fe9ace989bb28984b40d7419ad81d76,77
0x2701645c11426fe4e379d8ca339026d378700c1b1afb0dd5ac91f420030cf552,0x3f4d472d814ab920d320d457269dc85a358b2baf,61.85
0x9fe5dae825db0711533ce2ecc77a033a077563b84c11a4fd7dc208ac5b8ae7d3,0xba1c08b0ec6b0597ccc4a39238323634153f0908,1527.7980486442
0x7e73584d88e03b55dae50e0b53d3a6fe6739a525f3d243843024b787261c69f1,0x50a6b8218013edec354a1f62f04ac841c68d5a37,1616.4520066347
0xaad0469d6384e70fd5da181c959ccb9b19518f4e778426b1a6ec0fbffdc1c23c,0x08c5996400dc006511eb7eb65be3374a1b69df45,2300
0xad6374d438a90aa15aa34357403b587bf353d9603287e4ba53e38ffe0d23d18a,0x672ae9e934f3cf2cbb1cb7f32fbfb5a8be246f65,570
0xf1f7dca816c0a54be5394102fd3d370616eaab8fd50aab53ffa06ada793caa91,0xcdd7d76eff08b2e1cc7b46347cab0344327f069a,600
0xabe1da408d64075deba63fc530b7baf7cd84a6941cafdcf379ff277226307af4,0xcb38a3a23f25db3d5816ab1485e7cf6b5cb3aca4,101
0x45ca420c1390536632f646e8255c04569365856187fa5cfad09838364762d4dd,0xa3ee99179261119b342c36e80287c158ce05fda6,2126.0521024285
0x888631fff1c762f1f6fb9afb8787646c7a1e60158eeaa1c1cf00be20c76964e3,0xeca6db723272f496c5d78acd6d27672f0cb919fc,300.0132254291
0xfefb439b2ffb4dffd63ad3414fa7655f71579672ccefed5b9e77ee2c45fde009,0x576fc918c91976b4c934627f5d1a017095bcb708,250
0xd6e2aaf6ce7579b263b57571e0802d2826618be860f6ffaf6c4138ff501d63f7,0x6a45168375ee0c08e8ede3e8ce083240c7bf6516,10
0x2f122b8f0305de4828a6c960583e0923613d4ab7056ccc96e1db13fdea37999d,0xe11bf8c9d4fd0dec48f0c8e54c7083f3fed8ee5c,6233
0x575f16b54c01963bb7ba811445c51642201636f47ad43d80eb36473acdae9a06,0x9e2363e885ed2f1a65df589d99723458c637a3af,2823.84
0xa20c456b6e594016ddc84215eb48dd71961c61b1fda677aa9b3fe12709a538dc,0x3d496dbfe711a3fe668cf08b5f4a3fef1b696a39,25
0x781b17a8e96e3d22c6914e3141d48c79f4ef137d3f91fb6d7bddd2585dc9ea0f,0xb04660a4228bf1bf86e5e005a6442e9ee92b9bef,0.8654472226
0x986761f6d0f560b6a416cd2ac97689bcbdf6a15c2fb44c4fb73caae865dfbcd2,0x677e2c62afda432948c1cfebc2211b865ffc3540,1300
0xaed34cf8b615eed9adcf383d2bb108d4dfb5767071a90512d743ff5b87a2f37c,0xc1c1fdadd3f76ff4e34f6f3f0b00f4db9b539a8f,4997.3379168744
0x29671915d5922d74e785c293fd222fbafc03abcfc4c2b39fdfe18cf32fd07941,0x770823f0b08b73941964e9ed2526ab5d311fd87e,2811
0x861ccf0b7921af6a3b43667f05b8aebe888cb67bd5503d919ec4f2c801749cd4,0x003786e753e837d4194e9db6e790f153aa4ca1c9,495.687790448
0x9b705a5b8a05962e5698a02919281fb565fa391f8c0e3f83f5755b01fa084728,0x3d496dbfe711a3fe668cf08b5f4a3fef1b696a39,88
0x1c5bf199206378001dad32ec6c0e09ca56a6cbdbba516badaea7daf890370b9e,0xd599cf95793db2041bbf1384e2d3a215524592ad,285
0x67ef7e694d41ac5c6dee417474e0d672afdd1d71ce3650da179c7e0632e7daa8,0xb6c80c8ffa8511de93f6cc706f27ff7a4b1c2c8e,1500
0xeb5ebdc3b828f3c47981d2822d35cfd48a55031ad17d5e27cec17e8a3bb2c54c,0xbe6a4f130bc1d0f3fd957ff95f057acd5421b6b0,500
0x76d123eee216c1c651c77b512bb27593841765f8fa249ffbcf7ca77416435b8e,0x50a6b8218013edec354a1f62f04ac841c68d5a37,410.84
0xfc85c3d5b71b272decd26dab34040e5c5325b164cec9c109c20fd26e52e545df,0x7bfb204c160eed4d6b26f712d61d68be6a54736d,852.2154855126
0x2e44f9711f68bf1f7117ec88e813fd94c47addc8028ba74d38385b92bb97bf29,0x5ab244bb1e24f0b14a88406d6b59f3ca44cf652f,413.2091547
0xd6c2acb948d0dbb0df723e4feefc2801d84a86b323fb5990fcf8ebf92f971f0a,0x7bdcb36104a839ed12f9182bbeccc94ff537b862,31980
0x8c0d9c5b54898510598e79c969761e78a097389eb175a689991335467e7e37d9,0xe29dc501944c4e3f88f8d334419b7ce01c1171f6,20000
0x22b03efba0cdafac5c1f4126ca8835a5d77c50b53e2e789ee9e73df2d2e8a7d6,0xc6b7431d0a56edd1d841c41520b63fb6d93d9320,114.9386942792
0x789ff9a856c54b6fd9dd464a8ae9942d816177c4776442cbd45aa117695feeab,0x1ffbe5a188a45565f4ee9db7165f26e054f54152,1015
0x4fc224b4d357e5103cec6522597b8613ac7cbc4ccdd2165ab660674f391b2f59,0x604cca881b5201bf9fe669410fba4c74ee05662d,4174.24
0xea0035c1b436d5bbd7889ba27cbf48368091427118647d8580b90831b6345a3c,0xc4d59742bd702e92e746d44b3aa2b7c99a780325,2508
0xf8f0b58959f554ff26686702f95e3b99175253263fbb8c93c1c263f1cbc6e765,0xbfe1c2d3bd47083db13cfe8f054fb8de76312d1e,10000
0xd0daf4564eccecd645eddc70eac10f34a05e0658d5609a2619ae04d9becab1ac,0x45cd7e45bf678b61fadb5abf7fad127dc515ef5c,260.4569640998
0x2884a789d51ce1e78f83a89f904058ce7dcd4e5dc379f717f62e77a53f100f7b,0x1ecdd6de99277d4228a9de50ea73ba7e10d662e6,55.98
0x8d5587d738bd0783cd3ff75f9b5a8e1afba84d5574a00d238fa60befda32cb5d,0x1d2efe161ac6e2e06e80708cd58690b0c0816063,9967.9405047131
0x48ea20b337be086150cda07027cdd92a04b929da5a8793fd17366a7428996f54,0x11267e5176cf69ec8ed58267b93e95bcb606d69b,85
0x9cb5fc744a11b131d256f2e4577cb8cdf343def95bc35f9dcb3eaee0995fdea1,0x718c6a922eaa6c23634a28db026e95821bfa35c9,12.9074461744
0x8de84bef940558071163734cfc8d6463c6d7f799ec5aa03a5d500dee0ecbc168,0xf8819da929dd8415a46d614f3a75987a1d76e3dc,1555.71
0xa2425660958143d0211fd7b3be32f015eff63673adcbd34d2eb95b6650217539,0xd89863049aabcd4626590fdebd00af11d8233173,1171.2395432509
0x100583973ffcb752768876513e7dc991d7935d132197a735b8b1340439bf8653,0x9fa5921ef2012f37b9e8911a647ca34c92e46045,40.9
0xed8834ec2b0ca99dfc93515f52b7494e2dda73ebc331b4acc3382aa5b7262221,0x50a6b8218013edec354a1f62f04ac841c68d5a37,513.8871390072
0xffd787efb5f96d61a51960fcb9200e2fcdb653ad9dbfcda5215a656b34914704,0xc4c87045ba7b933f8be2e92524fbb0f6175bdfbf,49.016713
0xafb50933956bbbe1b107f98cba7303ff7cd0b1bdf6f9fa4634c7defe30219e28,0xb239a152d8bb77799555bd16f26472cc5bc387ca,500.1259862547
0x9c176f62b9bc56674f89a9b2c08b2d708ed5b5c24c0a2cf89e88a90f2581ed51,0x1dfb248d7cf6f1ca14600e74c9d973d2e5f7a617,41.42
0xaa51b260a9d308bb0ac6a0be1bc034c97e274da9187b08cbf3b8170486358ce0,0x89efe12ac093fef2e83cbe4fe6517810aedf2716,97.6888597306
0x7f01e336fb58b6b94f0462e54e2eb22591c541760a54bfa3f520a2f184d6449d,0xde20be189c72bbfa4beec52390ebc27558be2897,4098
0x22f8c4d6efd4da288ac2afca79bcd9cd2ba779d74a7f517edfdba8ecb901e1cf,0x9d1b27796adb236512d4bc0f26de4c12dfde37d0,69.42069
0x471643c254501ae15373d9593b095573c1cfcfde40eacb410682a75e5bc3a896,0x18d53087774623b7fa5da94b4f2a7a988372a22c,1035
0x13df38566e13a405a0da9b27dacddecc194262f6a3de42dd3f00a33cb727d170,0xb273181dc748ee89fda0115954a96e68df719c03,45.2282644282
0x0985d59bc8c1e82100db1a7ed75f6177f34c57af31cf531b9e5ce0e8825edfb1,0x1e740320a151030b5c530a0ea371438ad152b317,1499
0xac4966fb82b97dac8625576f0e725484805e0b9712c5651967007c91a6dcaf37,0xd0c48370efccc2e4139e67b4006e0acdf0cb579c,1000
0x396cda9792e38bb0fc3133b4df09fd2e7e28592c63627914df509f19f279b6cd,0xa54dbdbfa896ab581a231cc882a70d1479ec8195,100
0xd4e3a3159d193e95cc6860e01d87aaf1b58bd5e318a167175a40ae929b192d84,0xabd4c34cc6bb50f49b633ed82ea9a3bb44cbbcec,138.1636476606
0xd148b7c29dcf27aa8ef04b7205d5a5ca8f339feb8ade4d805f853704caef581a,0x677e2c62afda432948c1cfebc2211b865ffc3540,6997.2303965298
0x8a0372987c5f8e83677377183b98a3fcb0edebe466faf9eb56dc9270fe2ece98,0xbfe1c2d3bd47083db13cfe8f054fb8de76312d1e,620
0x54503d459ef41edddbc148f0eb4b2933944b1966a69a031c974801f48672fbd7,0x9d1b27796adb236512d4bc0f26de4c12dfde37d0,187.69
0xc85c8e05846a0d097228ae76114e5cfd18b57f9e697be273c1122d03fb5750b5,0xd2d520c99319dfa386e08cc28b052c006c707af1,5000
0xa430225ab74535e1440a5eb7f671d240bf1fa4e4a80d93ca7d6f38dc230f3c56,0x45e5d35f5f80eeb115cafc81b01978ab2eaef6b2,500.8100689666
